Model,ROC_AUC,PR_AUC
Baseline,0.5780555555555555,0.14474499179815065
Weighted,0.5441666666666667,0.14866627972394478
XGBoost,0.4784722222222222,0.11834216904891653
SMOTE,0.5597222222222221,0.168053579506678
